{"cameraMode":{"drawMode":0,"name":"Shaded","section":"Shading Mode"},"sceneLighting":false,"audioPlay":false,"sceneViewState":{"showFog":true,"showMaterialUpdate":false,"showSkybox":true,"showFlares":true,"showImageEffects":true,"showParticleSystems":true},"in2DMode":false,"pivot":{"x":-2.774752140045166,"y":4.291800022125244,"z":4.410038471221924},"rotation":{"x":-0.0001694827078608796,"y":0.9990465044975281,"z":-0.043486177921295169,"w":-0.0038944478146731855},"size":6.345235347747803,"orthographic":false}