{"cameraMode":{"drawMode":0,"name":"Shaded","section":"Shading Mode"},"sceneLighting":false,"audioPlay":false,"sceneViewState":{"showFog":true,"showMaterialUpdate":false,"showSkybox":true,"showFlares":true,"showImageEffects":true,"showParticleSystems":true},"in2DMode":false,"pivot":{"x":18.232664108276368,"y":12.39891529083252,"z":-0.01153634488582611},"rotation":{"x":0.1502801924943924,"y":-0.7007260918617249,"z":0.1548575460910797,"w":0.6800131797790527},"size":57.84769821166992,"orthographic":true}