{"cameraMode":{"drawMode":0,"name":"Shaded","section":"Shading Mode"},"sceneLighting":false,"audioPlay":false,"sceneViewState":{"showFog":true,"showMaterialUpdate":false,"showSkybox":true,"showFlares":true,"showImageEffects":true,"showParticleSystems":true},"in2DMode":false,"pivot":{"x":-61.928646087646487,"y":-29.250778198242189,"z":190.81324768066407},"rotation":{"x":-0.09642886370420456,"y":0.13661392033100129,"z":-0.013362854719161988,"w":-0.9858294129371643},"size":242.9985809326172,"orthographic":false}