{"cameraMode":{"drawMode":0,"name":"Shaded","section":"Shading Mode"},"sceneLighting":false,"audioPlay":false,"sceneViewState":{"showFog":true,"showMaterialUpdate":false,"showSkybox":true,"showFlares":true,"showImageEffects":true,"showParticleSystems":true},"in2DMode":false,"pivot":{"x":-1.7267643213272095,"y":2.3219900131225588,"z":-0.7274656891822815},"rotation":{"x":-0.031540270894765857,"y":0.9682758450508118,"z":-0.18462105095386506,"w":-0.16541540622711183},"size":11.230392456054688,"orthographic":false}