{"cameraMode":{"drawMode":0,"name":"Shaded","section":"Shading Mode"},"sceneLighting":false,"audioPlay":false,"sceneViewState":{"showFog":true,"showMaterialUpdate":false,"showSkybox":true,"showFlares":true,"showImageEffects":true,"showParticleSystems":true},"in2DMode":false,"pivot":{"x":-0.739476203918457,"y":22.820829391479493,"z":-8.363624572753907},"rotation":{"x":0.0010606597643345595,"y":-0.7071060538291931,"z":0.001060659997165203,"w":0.7071060538291931},"size":2.245176315307617,"orthographic":true}