{"cameraMode":{"drawMode":0,"name":"Shaded","section":"Shading Mode"},"sceneLighting":false,"audioPlay":false,"sceneViewState":{"showFog":true,"showMaterialUpdate":false,"showSkybox":true,"showFlares":true,"showImageEffects":true,"showParticleSystems":true},"in2DMode":false,"pivot":{"x":1.9917850494384766,"y":7.444603443145752,"z":0.07623704522848129},"rotation":{"x":-0.0816817358136177,"y":0.22785308957099915,"z":-0.019185718148946763,"w":-0.9700736999511719},"size":11.230392456054688,"orthographic":false}