{"cameraMode":{"drawMode":0,"name":"Shaded","section":"Shading Mode"},"sceneLighting":false,"audioPlay":false,"sceneViewState":{"showFog":true,"showMaterialUpdate":false,"showSkybox":true,"showFlares":true,"showImageEffects":true,"showParticleSystems":true},"in2DMode":false,"pivot":{"x":-7.092832565307617,"y":-7.6112751960754398,"z":-1.429616928100586},"rotation":{"x":0.02034417912364006,"y":-0.9508484601974487,"z":0.3022884428501129,"w":0.06399276107549668},"size":37.56378936767578,"orthographic":false}