{"cameraMode":{"drawMode":0,"name":"Shaded","section":"Shading Mode"},"sceneLighting":false,"audioPlay":false,"sceneViewState":{"showFog":true,"showMaterialUpdate":false,"showSkybox":true,"showFlares":true,"showImageEffects":true,"showParticleSystems":true},"in2DMode":false,"pivot":{"x":0.31416964530944826,"y":21.92704963684082,"z":-6.1218061447143559},"rotation":{"x":-0.22034059464931489,"y":0.5714848637580872,"z":-0.1627892404794693,"w":-0.7735339403152466},"size":19.31097984313965,"orthographic":false}